date,score
14-Apr-21,0.428028571
13-Apr-21,0.399042857
12-Apr-21,0.306785714
11-Apr-21,0.50515
10-Apr-21,0.1855
9-Apr-21,0.243654545
8-Apr-21,0.323
7-Apr-21,0.261316667
6-Apr-21,0.1661
5-Apr-21,0.139833333
4-Apr-21,0.1301
3-Apr-21,0.35895
2-Apr-21,0.541725
1-Apr-21,0.10875
31-Mar-21,0.41615
30-Mar-21,0.212925
29-Mar-21,0.406433333
28-Mar-21,0.1208
27-Mar-21,0.7176
26-Mar-21,0.3065
25-Mar-21,0.0045375
24-Mar-21,0.069033333
23-Mar-21,0.277411111
22-Mar-21,0.096333333
21-Mar-21,-0.1986
20-Mar-21,0.00635
19-Mar-21,0.3428
18-Mar-21,-0.0253875
17-Mar-21,0.008954545
16-Mar-21,0.119342857
15-Mar-21,0.33284
14-Mar-21,0.307
13-Mar-21,-0.0804
12-Mar-21,0.048521429
11-Mar-21,0.416
10-Mar-21,0.29845
9-Mar-21,0.1906
8-Mar-21,0.223933333
7-Mar-21,0.0767
6-Mar-21,0.12675
5-Mar-21,0.02208
4-Mar-21,0.27764
3-Mar-21,0.20136
2-Mar-21,-0.10312
1-Mar-21,0.42584
28-Feb-21,0.726
27-Feb-21,0.3166
26-Feb-21,0.1534875
25-Feb-21,0.117258333
24-Feb-21,0.013
23-Feb-21,0.090758333
22-Feb-21,0.266855556
21-Feb-21,0.19705
19-Feb-21,0.32616
18-Feb-21,0.22076
17-Feb-21,0.39495
16-Feb-21,0.3017
15-Feb-21,0.0041
13-Feb-21,0.26185
12-Feb-21,0.339611111
11-Feb-21,-0.0189
10-Feb-21,0.31645
9-Feb-21,0.248133333
8-Feb-21,0.4383
7-Feb-21,0.0089
6-Feb-21,0.38155
5-Feb-21,0.055875
4-Feb-21,0.33481
3-Feb-21,0.593688889
2-Feb-21,0.3521
1-Feb-21,0.48238
30-Jan-21,0.4258
29-Jan-21,0.367241667
28-Jan-21,0.330216667
27-Jan-21,0.092147368
26-Jan-21,0.11746
25-Jan-21,0.198833333
24-Jan-21,0.474966667
23-Jan-21,0.272728571
22-Jan-21,0.3685
21-Jan-21,0.26512
20-Jan-21,0.269455556
19-Jan-21,0.208533333
18-Jan-21,0.216633333
17-Jan-21,0.17195
16-Jan-21,0.1379
15-Jan-21,0.263925
14-Jan-21,0.18486
13-Jan-21,0.344122222
12-Jan-21,0.28658
11-Jan-21,0.2913
10-Jan-21,0.2079
9-Jan-21,0.3818
8-Jan-21,0.157766667
7-Jan-21,0.37218
6-Jan-21,0.34235
5-Jan-21,0.37875
4-Jan-21,0.36084
3-Jan-21,0.4352
2-Jan-21,-0.0485
1-Jan-21,0.4368
31-Dec-20,0.297192857
30-Dec-20,0.445955556
29-Dec-20,0.277209091
28-Dec-20,0.3409
27-Dec-20,0.2657
26-Dec-20,0.5992
25-Dec-20,0.7461
24-Dec-20,0.062133333
23-Dec-20,0.38525
22-Dec-20,0.312828571
21-Dec-20,0.2836
20-Dec-20,0.34782
19-Dec-20,0.365833333
18-Dec-20,0.1314
17-Dec-20,0.3970375
16-Dec-20,0.24024
15-Dec-20,0.1856
14-Dec-20,0.028775
13-Dec-20,0.4607
12-Dec-20,0.2792
11-Dec-20,0.158842857
10-Dec-20,0.19765
9-Dec-20,0.3805
8-Dec-20,0.247925
7-Dec-20,0.414042857
6-Dec-20,0.455666667
5-Dec-20,0.0594
4-Dec-20,0.31048
3-Dec-20,0.3703
2-Dec-20,0.132
1-Dec-20,-0.166566667
30-Nov-20,0.238325
28-Nov-20,0.101
27-Nov-20,0.417966667
26-Nov-20,0.168466667
25-Nov-20,0.056975
24-Nov-20,0.402683333
23-Nov-20,0.1248375
22-Nov-20,-0.0161
21-Nov-20,0.5763
20-Nov-20,0.26817
19-Nov-20,0.45162
18-Nov-20,-0.1368
17-Nov-20,0.36021
16-Nov-20,0.60665
15-Nov-20,0.58545
14-Nov-20,0.1222
13-Nov-20,0.379342857
12-Nov-20,0.345686667
11-Nov-20,0.364257143
10-Nov-20,0.276292857
9-Nov-20,0.571659091
8-Nov-20,-0.0714
6-Nov-20,0.14314
5-Nov-20,0.193925
4-Nov-20,0.4365875
3-Nov-20,0.2855875
2-Nov-20,0.2656
1-Nov-20,0.26465
31-Oct-20,-0.0411
30-Oct-20,0.12135
29-Oct-20,0.131938462
28-Oct-20,0.33188
27-Oct-20,0.125175
26-Oct-20,0.44285
25-Oct-20,0.4429
24-Oct-20,0.194785714
23-Oct-20,0.364566667
21-Oct-20,0.128981818
20-Oct-20,0.276095455
19-Oct-20,0.094286957
18-Oct-20,0.0741
17-Oct-20,0.251166667
16-Oct-20,0.631266667
15-Oct-20,0.21235
14-Oct-20,0.29874
13-Oct-20,0.300241667
12-Oct-20,0.27605
11-Oct-20,0.0659
10-Oct-20,0.23752
9-Oct-20,0.252928571
8-Oct-20,0.38095
7-Oct-20,0.37037
6-Oct-20,-0.576
5-Oct-20,0.332857143
4-Oct-20,0.7127
3-Oct-20,-0.07195
2-Oct-20,0.348085714
1-Oct-20,0.463730769
30-Sep-20,0.18914
29-Sep-20,0.4661
28-Sep-20,0.219235
27-Sep-20,-0.10675
26-Sep-20,0.17098
25-Sep-20,-0.005783333
24-Sep-20,0.140908333
23-Sep-20,0.2146
22-Sep-20,0.4309
21-Sep-20,-0.04748
20-Sep-20,0.51675
19-Sep-20,0.4159
18-Sep-20,0.139842857
17-Sep-20,0.109528571
16-Sep-20,0.301011111
15-Sep-20,-0.127066667
14-Sep-20,0.21966
13-Sep-20,0.4905
12-Sep-20,0.17115
11-Sep-20,0.36687
10-Sep-20,-0.05994
9-Sep-20,0.1111125
8-Sep-20,-0.06874
7-Sep-20,0.3353
5-Sep-20,-0.1292
4-Sep-20,0.3107
3-Sep-20,0.1122
2-Sep-20,0.313530769
1-Sep-20,0.28425
31-Aug-20,0.42535
29-Aug-20,0.0851
28-Aug-20,0.6274
27-Aug-20,0.1546875
26-Aug-20,0.3449
25-Aug-20,0.5727
24-Aug-20,-0.020233333
23-Aug-20,0.5022
22-Aug-20,0.043833333
21-Aug-20,-0.2126
20-Aug-20,0.13045
19-Aug-20,0.412571429
18-Aug-20,0.304792857
17-Aug-20,0.2656
16-Aug-20,0.448
15-Aug-20,0.0964
14-Aug-20,0.00175
13-Aug-20,0.148
12-Aug-20,0.394933333
11-Aug-20,0.293161538
10-Aug-20,0.284985714
9-Aug-20,0.4618
8-Aug-20,0.161433333
7-Aug-20,0.239385714
6-Aug-20,0.19498
5-Aug-20,0.32995
4-Aug-20,0.206254545
3-Aug-20,0.313333333
2-Aug-20,0.338366667
1-Aug-20,-0.1964
31-Jul-20,0.23295
30-Jul-20,0.199433333
29-Jul-20,0.4334
28-Jul-20,0.2872125
27-Jul-20,0.25244
26-Jul-20,0.2238
25-Jul-20,0.2858
24-Jul-20,0.172842857
23-Jul-20,-0.2241
22-Jul-20,0.38198
21-Jul-20,0.1993
20-Jul-20,0.338775
19-Jul-20,0.037933333
18-Jul-20,0.242
17-Jul-20,0.119903125
16-Jul-20,0.189756522
15-Jul-20,0.344184615
14-Jul-20,0.155517647
13-Jul-20,0.3259875
12-Jul-20,0.2143
11-Jul-20,0.53085
10-Jul-20,0.285081818
9-Jul-20,0.132328571
8-Jul-20,0.243158333
7-Jul-20,0.149685714
6-Jul-20,0.009328571
5-Jul-20,0.03395
4-Jul-20,0.301
3-Jul-20,0.59265
2-Jul-20,0.179266667
1-Jul-20,0.295623077
30-Jun-20,0.29828125
29-Jun-20,0.0819
28-Jun-20,0.1336
27-Jun-20,-0.2274
26-Jun-20,0.06378
25-Jun-20,0.25838
24-Jun-20,0.0435
23-Jun-20,0.253675
22-Jun-20,0.43546
21-Jun-20,-0.041733333
20-Jun-20,0.07376
19-Jun-20,0.238766667
18-Jun-20,0.16028
17-Jun-20,0.388133333
16-Jun-20,0.20322
15-Jun-20,0.3785
14-Jun-20,0.27715
12-Jun-20,0.09478
11-Jun-20,0.351975
10-Jun-20,0.52225
9-Jun-20,0.343616667
8-Jun-20,0.4844
6-Jun-20,0.2518
5-Jun-20,0.36955
4-Jun-20,0.317327273
3-Jun-20,0.00932
2-Jun-20,-0.166283333
1-Jun-20,0.098242857
31-May-20,0.43615
30-May-20,0.5876
29-May-20,0.24635
28-May-20,0.1504
27-May-20,0.21094
26-May-20,0.085533333
25-May-20,0.4874
24-May-20,0.2433
23-May-20,0.01705
22-May-20,0.04944
21-May-20,0.228283333
20-May-20,0.103463636
19-May-20,0.248875
18-May-20,0.347325
17-May-20,0.23975
16-May-20,0.3838
15-May-20,0.2110125
14-May-20,0.124214286
13-May-20,0.25225
12-May-20,0.2648625
11-May-20,0.15315
10-May-20,0.17914
9-May-20,0.165933333
8-May-20,0.390975
7-May-20,0.15595
6-May-20,0.098433333
5-May-20,0.286833333
4-May-20,0.144822222
3-May-20,0.1785
2-May-20,-0.5152
1-May-20,0.23524
30-Apr-20,-0.083213333
29-Apr-20,0.2983
28-Apr-20,0.1553
27-Apr-20,0.236333333
26-Apr-20,0.30082
25-Apr-20,0.258775
24-Apr-20,0.30065625
23-Apr-20,0.26208125
22-Apr-20,0.153637037
21-Apr-20,0.110443478
20-Apr-20,0.00925
19-Apr-20,0.302733333
18-Apr-20,0.08775
17-Apr-20,0.316706667
16-Apr-20,0.121627273
15-Apr-20,0.189235294
14-Apr-20,0.248992857
13-Apr-20,0.210683333
12-Apr-20,0.27385
11-Apr-20,0.099675
10-Apr-20,0.0595
9-Apr-20,0.286814286
8-Apr-20,0.193036364
7-Apr-20,0.431457143
6-Apr-20,0.001328571
5-Apr-20,0.16545
4-Apr-20,0.1906
3-Apr-20,0.211633333
2-Apr-20,0.457325
1-Apr-20,0.3386
31-Mar-20,0.3388
30-Mar-20,0.261028571
29-Mar-20,-0.0205
28-Mar-20,0.10875
27-Mar-20,0.83655
26-Mar-20,-0.204228571
25-Mar-20,0.318666667
24-Mar-20,0.094109091
23-Mar-20,0.030628571
22-Mar-20,0.355933333
21-Mar-20,0.317928571
20-Mar-20,0.07235
19-Mar-20,0.044925
18-Mar-20,0.50035
17-Mar-20,0.207122222
16-Mar-20,0.2237
15-Mar-20,0.2913
14-Mar-20,0.268966667
13-Mar-20,0.022414286
12-Mar-20,0.372966667
11-Mar-20,0.20364
10-Mar-20,0.318425
9-Mar-20,0.368833333
8-Mar-20,0.286825
7-Mar-20,0.6718
6-Mar-20,0.027633333
5-Mar-20,0.1111375
4-Mar-20,0.0536
3-Mar-20,0.365683333
1-Mar-20,0.18805
29-Feb-20,-0.19795
28-Feb-20,-0.136
27-Feb-20,-0.2608
26-Feb-20,0.137257143
25-Feb-20,0.12392
24-Feb-20,0.236766667
23-Feb-20,0.4309
22-Feb-20,0.0366
21-Feb-20,0.140466667
20-Feb-20,-0.3442
19-Feb-20,0.21925
18-Feb-20,-0.1303
17-Feb-20,-0.035
16-Feb-20,0.0176
15-Feb-20,-0.3742
14-Feb-20,0.2768
13-Feb-20,0.31045
12-Feb-20,0.332333333
11-Feb-20,0.132866667
10-Feb-20,0.3957
9-Feb-20,-0.1708
8-Feb-20,0.2318
7-Feb-20,0.04294
6-Feb-20,0.350933333
5-Feb-20,0.096
4-Feb-20,0.71408
3-Feb-20,0.2532
2-Feb-20,-0.0121
1-Feb-20,-0.02935
31-Jan-20,-0.3956
30-Jan-20,0.317075
29-Jan-20,0.3617
28-Jan-20,0.1318375
27-Jan-20,-0.4341
26-Jan-20,0.3143
25-Jan-20,0.203785714
24-Jan-20,0.284175
23-Jan-20,0.064707692
22-Jan-20,0.198504545
21-Jan-20,0.3139
20-Jan-20,0.3945
19-Jan-20,0.242925
18-Jan-20,0.109575
17-Jan-20,0.15276
16-Jan-20,0.336483333
15-Jan-20,0.17168
14-Jan-20,0.060375
13-Jan-20,-0.06585
12-Jan-20,-0.1885
11-Jan-20,0.19665
10-Jan-20,0.22395
9-Jan-20,0.3098
8-Jan-20,0.221528571
7-Jan-20,0.3461
6-Jan-20,0.346466667
5-Jan-20,0.136916667
4-Jan-20,0.0311
3-Jan-20,0.044375
2-Jan-20,0.3918
1-Jan-20,0.29645
31-Dec-19,0.12631
30-Dec-19,-0.174533333
28-Dec-19,0.357675
27-Dec-19,0.115033333
26-Dec-19,0.288325
25-Dec-19,0.263533333
24-Dec-19,-0.405
23-Dec-19,0.131416667
22-Dec-19,0.1178
21-Dec-19,0.226033333
20-Dec-19,0.20595
19-Dec-19,0.2825
18-Dec-19,0.274033333
17-Dec-19,0.13031
16-Dec-19,-0.0294
15-Dec-19,0.6707
14-Dec-19,0.2699
13-Dec-19,0.239433333
12-Dec-19,0.300463636
11-Dec-19,0.142044444
10-Dec-19,-0.0277375
9-Dec-19,0.4514
6-Dec-19,0.181333333
5-Dec-19,0.1965
4-Dec-19,0.01204
3-Dec-19,0.0389
2-Dec-19,0.17285
1-Dec-19,0.5967
30-Nov-19,0.0288
29-Nov-19,0.3861
28-Nov-19,0.43235
27-Nov-19,0.268233333
26-Nov-19,0.276514286
25-Nov-19,0.0112
24-Nov-19,0.206433333
23-Nov-19,0.178075
22-Nov-19,-0.114333333
21-Nov-19,0.13192
20-Nov-19,0.0854875
19-Nov-19,0.118885714
18-Nov-19,0.181475
17-Nov-19,-0.1801
16-Nov-19,0.149966667
15-Nov-19,0.2084
14-Nov-19,0.431522222
13-Nov-19,0.089483333
12-Nov-19,0.2014
11-Nov-19,-0.046528571
9-Nov-19,0.3587
8-Nov-19,0.039142857
7-Nov-19,0.5047
6-Nov-19,0.166333333
5-Nov-19,0.3382
4-Nov-19,0.415133333
3-Nov-19,-0.22715
2-Nov-19,-0.7401
1-Nov-19,0.5174
31-Oct-19,0.6286
30-Oct-19,0.0912
29-Oct-19,0.41724
28-Oct-19,0.476
27-Oct-19,0.4019
26-Oct-19,0.447433333
25-Oct-19,0.1648875
24-Oct-19,0.1738
23-Oct-19,0.0961
22-Oct-19,0.0456
21-Oct-19,0.151445455
20-Oct-19,-0.066225
19-Oct-19,0.268225
18-Oct-19,0.25745625
17-Oct-19,0.23898
16-Oct-19,0.452992308
15-Oct-19,0.177541667
14-Oct-19,0.19807
13-Oct-19,0.097471429
12-Oct-19,0.5638
11-Oct-19,0.308175
10-Oct-19,0.087433333
9-Oct-19,0.190044444
8-Oct-19,0.290725
7-Oct-19,-0.213775
6-Oct-19,0.1387
5-Oct-19,-0.1396
4-Oct-19,0.1836
3-Oct-19,0.045266667
2-Oct-19,0.0803
1-Oct-19,-0.03192
30-Sep-19,-0.016833333
29-Sep-19,0.2309
28-Sep-19,0.3644
27-Sep-19,0.094316667
26-Sep-19,0.0969
25-Sep-19,-0.1875
24-Sep-19,-0.029377778
23-Sep-19,0.328536364
21-Sep-19,0.399
20-Sep-19,0.052285714
19-Sep-19,0.2033
18-Sep-19,0.2421375
17-Sep-19,-0.009283333
16-Sep-19,-0.3784
15-Sep-19,0.245214286
14-Sep-19,-0.1033
13-Sep-19,0.08075
12-Sep-19,0.2058
11-Sep-19,0.25706
10-Sep-19,0.400435714
9-Sep-19,0.28085
8-Sep-19,-0.1437
7-Sep-19,-0.0226
6-Sep-19,0.0138
5-Sep-19,0.3121
4-Sep-19,0.0679
3-Sep-19,0.310675
1-Sep-19,0.2111
31-Aug-19,0.0002
30-Aug-19,0.32622
29-Aug-19,0.2064
28-Aug-19,0.28445
27-Aug-19,0.09613
26-Aug-19,0.25195
25-Aug-19,0.4905
24-Aug-19,0.2456
23-Aug-19,-0.057866667
22-Aug-19,0.2328375
21-Aug-19,0.2320625
20-Aug-19,0.19184
19-Aug-19,0.053344444
16-Aug-19,0.3015
15-Aug-19,0.303166667
14-Aug-19,0.1824
13-Aug-19,0.148
12-Aug-19,0.12056
11-Aug-19,0.3463
10-Aug-19,0.0354
9-Aug-19,0.42828
8-Aug-19,0.175
7-Aug-19,0.0532125
6-Aug-19,0.420233333
5-Aug-19,0.2505
2-Aug-19,-0.0606
31-Jul-19,0.4339
30-Jul-19,0.428475
29-Jul-19,0.296266667
26-Jul-19,0.167633333
25-Jul-19,-0.21275
24-Jul-19,0.3044
23-Jul-19,0.199816667
22-Jul-19,0.289355556
21-Jul-19,0.0627
20-Jul-19,-0.4369
19-Jul-19,-0.026114286
18-Jul-19,0.184703846
17-Jul-19,0.23987
16-Jul-19,0.4746
15-Jul-19,0.127985714
14-Jul-19,0.272333333
13-Jul-19,0.5982
12-Jul-19,0.234766667
11-Jul-19,0.2227875
10-Jul-19,0.14715
9-Jul-19,0.167433333
8-Jul-19,0.447985714
7-Jul-19,0.4572
5-Jul-19,0.341957143
3-Jul-19,0.2735
2-Jul-19,0.451733333
1-Jul-19,0.53918
29-Jun-19,0.107
28-Jun-19,0.13624
27-Jun-19,0.168766667
26-Jun-19,0.21675
25-Jun-19,0.224533333
24-Jun-19,0.538325
22-Jun-19,0.3749
21-Jun-19,0.257666667
20-Jun-19,0.14268
19-Jun-19,0.333683333
18-Jun-19,0.145775
17-Jun-19,0.242566667
16-Jun-19,-0.2665
15-Jun-19,0.601
14-Jun-19,0.189814286
13-Jun-19,0.08006
12-Jun-19,0.28065
11-Jun-19,0.4132
10-Jun-19,0.37286
9-Jun-19,0.02965
7-Jun-19,0.0594
6-Jun-19,0.12565
5-Jun-19,0.106314286
4-Jun-19,0.13844
3-Jun-19,0.2091
1-Jun-19,0.4679
31-May-19,0.005325
30-May-19,0.00865
29-May-19,0.16142
28-May-19,0.047766667
27-May-19,0.081566667
26-May-19,0.0167
25-May-19,0.36895
24-May-19,-0.06345
23-May-19,0.316275
22-May-19,0.16534
21-May-19,0.158116667
20-May-19,0.39375
19-May-19,0.412
17-May-19,-0.314666667
16-May-19,0.276228571
15-May-19,0.20095
13-May-19,0.250966667
11-May-19,0.3188
10-May-19,0.3455
9-May-19,0.447275
8-May-19,0.2688
7-May-19,0.0364
6-May-19,0.09475
5-May-19,0.4564
3-May-19,0.07785
2-May-19,0.219166667
1-May-19,0.065716667
30-Apr-19,0.195
29-Apr-19,0.3236
27-Apr-19,0.4451
26-Apr-19,0.60835
25-Apr-19,0.32875
24-Apr-19,-0.028666667
23-Apr-19,0.24222
22-Apr-19,0.227683333
21-Apr-19,0.57655
20-Apr-19,0.18926
19-Apr-19,0.134466667
18-Apr-19,0.228981818
17-Apr-19,0.204855
16-Apr-19,0.23308125
15-Apr-19,0.10325
14-Apr-19,0.098627273
13-Apr-19,0.025
12-Apr-19,0.297645
11-Apr-19,0.316218182
10-Apr-19,0.13848
9-Apr-19,0.252689474
8-Apr-19,0.1259125
7-Apr-19,0.4557
5-Apr-19,0.4430625
4-Apr-19,0.3517125
3-Apr-19,0.262691667
2-Apr-19,0.30914
1-Apr-19,0.378075
31-Mar-19,0.3487
30-Mar-19,0.719425
29-Mar-19,0.268211111
28-Mar-19,0.243063636
27-Mar-19,0.2709125
26-Mar-19,0.1707625
25-Mar-19,0.080725
24-Mar-19,0.174
23-Mar-19,0.19635
22-Mar-19,0.371375
21-Mar-19,0.355327273
20-Mar-19,0.241281818
19-Mar-19,0.380314286
18-Mar-19,0.3157
16-Mar-19,0.2911
15-Mar-19,0.241657143
14-Mar-19,0.192346667
13-Mar-19,0.115988889
12-Mar-19,0.150341667
11-Mar-19,0.385414286
10-Mar-19,-0.5713
9-Mar-19,0.13105
8-Mar-19,0.227583333
7-Mar-19,0.3187
6-Mar-19,0.155811111
5-Mar-19,0.06866
4-Mar-19,0.40605
3-Mar-19,0.4905
1-Mar-19,0.23854
28-Feb-19,0.17215
27-Feb-19,0.27285
26-Feb-19,0.17508
25-Feb-19,0.360825
22-Feb-19,0.55492
21-Feb-19,0.405414286
20-Feb-19,0.27245
19-Feb-19,0.260844444
18-Feb-19,0.2029
16-Feb-19,0.351033333
15-Feb-19,0.32326
14-Feb-19,0.3506875
13-Feb-19,0.038116667
12-Feb-19,0.8353
11-Feb-19,0.2265
10-Feb-19,0.11098
9-Feb-19,0.1221
8-Feb-19,0.161585714
7-Feb-19,0.3257875
6-Feb-19,0.39615
5-Feb-19,0.34074
4-Feb-19,0.373891667
3-Feb-19,0.22545
2-Feb-19,-0.04275
1-Feb-19,0.2237
31-Jan-19,0.231777778
30-Jan-19,0.181630769
29-Jan-19,0.479675
28-Jan-19,0.05845
27-Jan-19,0.3941
26-Jan-19,0.2462
25-Jan-19,0.3183875
24-Jan-19,0.270433333
23-Jan-19,0.225476471
22-Jan-19,0.280290476
21-Jan-19,0.142154545
20-Jan-19,0.227957143
19-Jan-19,0.21206
18-Jan-19,0.269456
17-Jan-19,0.275992308
16-Jan-19,0.317008333
15-Jan-19,0.270504545
14-Jan-19,0.438130769
13-Jan-19,0.08385
12-Jan-19,0.2551
11-Jan-19,0.237972727
10-Jan-19,0.404288889
9-Jan-19,0.385109091
8-Jan-19,0.338155556
7-Jan-19,0.385143478
6-Jan-19,-0.021033333
5-Jan-19,0.2979
4-Jan-19,0.177661538
3-Jan-19,0.32254
2-Jan-19,0.208885714
1-Jan-19,0.1917
31-Dec-18,0.245613333
30-Dec-18,0.15255
29-Dec-18,0.4896
28-Dec-18,0.1800875
27-Dec-18,0.209228571
26-Dec-18,0.253133333
25-Dec-18,0.2932
24-Dec-18,0.2377625
23-Dec-18,-0.02555
21-Dec-18,0.331625
20-Dec-18,0.115057143
19-Dec-18,0.027042857
18-Dec-18,0.220871429
17-Dec-18,0.378633333
16-Dec-18,0.232025
15-Dec-18,0.3273
14-Dec-18,0.430125
13-Dec-18,0.20046
12-Dec-18,0.151255556
11-Dec-18,0.357466667
10-Dec-18,0.17395
9-Dec-18,0.1575
7-Dec-18,0.48505
6-Dec-18,0.430883333
5-Dec-18,0.030683333
4-Dec-18,0.157366667
3-Dec-18,0.3231
2-Dec-18,-0.0041
1-Dec-18,0.0085
30-Nov-18,0.32426
29-Nov-18,0.19045
28-Nov-18,0.24495
27-Nov-18,0.354
26-Nov-18,0.610025
25-Nov-18,0.6489
23-Nov-18,0.5759
21-Nov-18,0.17726
20-Nov-18,0.012826316
19-Nov-18,0.481975
18-Nov-18,0.54295
17-Nov-18,0.4226
16-Nov-18,0.426071429
15-Nov-18,0.004925
14-Nov-18,0.13036
13-Nov-18,0.349
12-Nov-18,0.23252
11-Nov-18,0.106233333
10-Nov-18,0.20095
9-Nov-18,0.303381818
8-Nov-18,0.1603875
7-Nov-18,0.198857143
6-Nov-18,0.40139
5-Nov-18,0.300114286
4-Nov-18,0.1608
3-Nov-18,-0.5183
2-Nov-18,0.212942857
1-Nov-18,0.243977778
31-Oct-18,0.269506667
30-Oct-18,0.152022222
29-Oct-18,0.216971429
28-Oct-18,0.05485
27-Oct-18,0.17485
26-Oct-18,0.3327375
25-Oct-18,0.267366667
24-Oct-18,0.359866667
23-Oct-18,0.18975
22-Oct-18,0.358991667
21-Oct-18,0.228585714
20-Oct-18,0.2567
19-Oct-18,0.30714
18-Oct-18,0.368566667
17-Oct-18,0.187196296
16-Oct-18,0.289289474
15-Oct-18,0.24525
14-Oct-18,0.4437
13-Oct-18,0
12-Oct-18,0.291089474
11-Oct-18,0.176189474
10-Oct-18,0.158444444
9-Oct-18,0.29162
8-Oct-18,0.184085714
7-Oct-18,-0.0096
5-Oct-18,0.31378
4-Oct-18,0.06545
3-Oct-18,0.268483333
2-Oct-18,0.4939
1-Oct-18,0.434728571
28-Sep-18,0.50206
27-Sep-18,0.528185714
26-Sep-18,0.195585714
25-Sep-18,0.397825
24-Sep-18,0.330794444
23-Sep-18,0.02995
22-Sep-18,0.5206
21-Sep-18,0.277654545
20-Sep-18,0.116116667
19-Sep-18,0.333485714
18-Sep-18,0.26388
17-Sep-18,-0.005433333
15-Sep-18,-0.4858
14-Sep-18,0.3774
13-Sep-18,0.4901
12-Sep-18,0.249366667
11-Sep-18,0.072885714
10-Sep-18,0.23005
9-Sep-18,0.33935
8-Sep-18,-0.2255
7-Sep-18,0.257433333
6-Sep-18,0.078878571
5-Sep-18,0.1921
4-Sep-18,0.23345
3-Sep-18,0.1173
1-Sep-18,0.3341
31-Aug-18,0.2404
30-Aug-18,0.333945455
29-Aug-18,0.406681818
28-Aug-18,0.15682
27-Aug-18,0.286476471
26-Aug-18,0.3481
25-Aug-18,-0.1811
24-Aug-18,0.3221
23-Aug-18,0.337944444
22-Aug-18,0.203918182
21-Aug-18,0.091463636
20-Aug-18,0.299828571
19-Aug-18,0.26395
18-Aug-18,0.4995
17-Aug-18,0.27925
16-Aug-18,0.157344444
15-Aug-18,0.157077778
14-Aug-18,0.2054
13-Aug-18,0.254025
12-Aug-18,0.1338
11-Aug-18,0.4905
10-Aug-18,0.216966667
9-Aug-18,0.47906
8-Aug-18,0.0305
7-Aug-18,0.245058333
6-Aug-18,0.22865
3-Aug-18,0.3466
2-Aug-18,0.467916667
1-Aug-18,0.266844444
31-Jul-18,0.25005
30-Jul-18,0.193163636
29-Jul-18,0.069066667
28-Jul-18,0.53085
27-Jul-18,0.1127125
26-Jul-18,0.183246667
25-Jul-18,0.272672727
24-Jul-18,0.310611111
23-Jul-18,0.22804
22-Jul-18,-0.496
21-Jul-18,0.198466667
20-Jul-18,0.205011111
19-Jul-18,0.150453846
18-Jul-18,0.253266667
17-Jul-18,0.0886425
16-Jul-18,0.254688571
15-Jul-18,0.21556
14-Jul-18,0.15575
13-Jul-18,0.226075
12-Jul-18,0.2993
11-Jul-18,0.151170588
10-Jul-18,0.21
9-Jul-18,0.1666
8-Jul-18,0.0337
6-Jul-18,0.373413333
5-Jul-18,0.214844444
4-Jul-18,0.46665
3-Jul-18,0.3821
2-Jul-18,0.3313
30-Jun-18,0.4435
29-Jun-18,0.369925
28-Jun-18,0.165477778
27-Jun-18,0.22345
26-Jun-18,0.146569231
25-Jun-18,0.044675
24-Jun-18,0.2529
23-Jun-18,0.1836
22-Jun-18,0.11025
21-Jun-18,0.204276923
20-Jun-18,0.17631
19-Jun-18,0.27441
18-Jun-18,0.14629
17-Jun-18,0.23484
15-Jun-18,0.242222222
14-Jun-18,0.287953333
13-Jun-18,0.335976471
12-Jun-18,0.358566667
11-Jun-18,0.06675
9-Jun-18,0.4956
8-Jun-18,-0.020925
7-Jun-18,0.292842857
6-Jun-18,0.292416667
5-Jun-18,0.415223077
4-Jun-18,0.151857143
3-Jun-18,0.09275
2-Jun-18,0.5588
1-Jun-18,0.1808875
31-May-18,0.501983333
30-May-18,0.2616
29-May-18,0.420466667
28-May-18,0.31995
27-May-18,0.0051
26-May-18,0.3588
25-May-18,0.400228571
24-May-18,0.269485714
23-May-18,0.371036364
22-May-18,0.211775
21-May-18,0.257277778
20-May-18,0.2207
19-May-18,0.726
18-May-18,0.276485714
17-May-18,0.3856
16-May-18,0.377277778
15-May-18,0.26713
14-May-18,0.520833333
12-May-18,0.2497
11-May-18,0.455775
10-May-18,0.3292
9-May-18,0.32342
8-May-18,0.4709
7-May-18,0.274628571
5-May-18,0.3882
4-May-18,0.290716667
3-May-18,0.419
2-May-18,0.13326
1-May-18,0.2638
30-Apr-18,0.241716667
29-Apr-18,-0.0632
27-Apr-18,0.354
26-Apr-18,0.318625
25-Apr-18,0.4279
24-Apr-18,0.1646625
23-Apr-18,0.202421053
22-Apr-18,0.087566667
21-Apr-18,0.3439
20-Apr-18,0.210825
19-Apr-18,0.21675
18-Apr-18,0.349838462
17-Apr-18,0.302117073
16-Apr-18,0.26373913
15-Apr-18,0.25122
14-Apr-18,0.4445
13-Apr-18,0.251238462
12-Apr-18,0.15909
11-Apr-18,0.1802
10-Apr-18,0.314642857
9-Apr-18,0.2321
8-Apr-18,0.14395
7-Apr-18,0.07955
6-Apr-18,0.224436364
5-Apr-18,-0.042488889
4-Apr-18,0.17142
3-Apr-18,0.189385714
2-Apr-18,0.019457143
31-Mar-18,0.1056
30-Mar-18,0.5683
29-Mar-18,0.229915385
28-Mar-18,0.188236364
27-Mar-18,0.451475
26-Mar-18,0.548128571
25-Mar-18,0.553
23-Mar-18,0.232428571
22-Mar-18,0.1227
21-Mar-18,0.2967
20-Mar-18,0.239275
19-Mar-18,0.2653875
17-Mar-18,0.4611
16-Mar-18,0.1069
15-Mar-18,0.321985714
14-Mar-18,0.240728571
13-Mar-18,0.266485714
12-Mar-18,0.264569231
11-Mar-18,-0.04305
10-Mar-18,0.448
9-Mar-18,0.2298
8-Mar-18,0.176083333
7-Mar-18,0.382
6-Mar-18,0.325707709
5-Mar-18,0.1305
4-Mar-18,0.3167
3-Mar-18,0.3159
2-Mar-18,0.43812
1-Mar-18,0.4553
28-Feb-18,0.30654
27-Feb-18,0.413025
26-Feb-18,0.148444444
25-Feb-18,0.4903
24-Feb-18,0.1186
23-Feb-18,0.3273
22-Feb-18,0.320714286
21-Feb-18,0.15955
20-Feb-18,0.293522222
19-Feb-18,-0.34
17-Feb-18,0.21335
16-Feb-18,0.331975
15-Feb-18,0.29
14-Feb-18,0.2952
13-Feb-18,0.18865
12-Feb-18,0.45886
11-Feb-18,0.0269
10-Feb-18,0.3067
9-Feb-18,0.2785
8-Feb-18,0.24955
7-Feb-18,0.3382
6-Feb-18,0.135611111
5-Feb-18,0.315166667
4-Feb-18,0.3989
3-Feb-18,-0.1609
2-Feb-18,0.614766667
1-Feb-18,0.18025
31-Jan-18,0.3693
30-Jan-18,0.246363636
29-Jan-18,0.222025
28-Jan-18,0.158
26-Jan-18,0.329422222
25-Jan-18,0.334019048
24-Jan-18,0.283926316
23-Jan-18,0.298236364
22-Jan-18,0.306436667
21-Jan-18,0.335266667
20-Jan-18,0.3397
19-Jan-18,0.293544444
18-Jan-18,0.201161538
17-Jan-18,0.218775
16-Jan-18,0.247763636
15-Jan-18,0.360216667
14-Jan-18,0.24145
12-Jan-18,0.31415
11-Jan-18,0.30412
10-Jan-18,0.095133333
9-Jan-18,0.233088889
8-Jan-18,0.246055556
6-Jan-18,0.721
5-Jan-18,0.312007692
4-Jan-18,0.352763636
3-Jan-18,0.38560625
2-Jan-18,0.298494444
1-Jan-18,0.4139
31-Dec-17,-0.0274
29-Dec-17,0.5476
28-Dec-17,0.365936364
27-Dec-17,0.127975
26-Dec-17,0.1846875
25-Dec-17,-0.051
24-Dec-17,0.0327
23-Dec-17,0.0983
22-Dec-17,0.5038
21-Dec-17,0.275714286
20-Dec-17,0.131514286
19-Dec-17,0.23645
18-Dec-17,0.315933333
17-Dec-17,0.3202
16-Dec-17,-0.1979
15-Dec-17,0.17900625
14-Dec-17,0.314566667
13-Dec-17,0.27569
12-Dec-17,0.194558333
11-Dec-17,0.116091667
10-Dec-17,0.0268
9-Dec-17,0.1731
8-Dec-17,0.263927273
7-Dec-17,0.31183
6-Dec-17,0.346175
5-Dec-17,0.356157143
4-Dec-17,0.18815
1-Dec-17,0.464533333
30-Nov-17,0.23086
29-Nov-17,0.06438
28-Nov-17,0.42483
27-Nov-17,0.296133333
26-Nov-17,0.0245
24-Nov-17,0.2641
22-Nov-17,0.245871429
21-Nov-17,0.14598
20-Nov-17,0.428211111
17-Nov-17,0.095533333
16-Nov-17,0.2927875
15-Nov-17,0.212666667
14-Nov-17,0.1825125
13-Nov-17,0.433566667
12-Nov-17,0.3038
11-Nov-17,0.331766667
10-Nov-17,0.025511765
9-Nov-17,0.251111765
8-Nov-17,0.23165
7-Nov-17,0.2384
6-Nov-17,0.366715385
5-Nov-17,-0.453
3-Nov-17,0.2058
2-Nov-17,0.399546667
1-Nov-17,0.45233
31-Oct-17,0.2919625
30-Oct-17,0.27595
28-Oct-17,0.039466667
27-Oct-17,0.18068
26-Oct-17,0.3662375
25-Oct-17,0.382563636
24-Oct-17,0.3411
23-Oct-17,0.0946
22-Oct-17,0.252766667
20-Oct-17,0.232275
19-Oct-17,0.263933333
18-Oct-17,0.23067
17-Oct-17,0.287603333
16-Oct-17,0.301511538
15-Oct-17,0.260325
14-Oct-17,0.1445
13-Oct-17,0.26835
12-Oct-17,0.19606875
11-Oct-17,0.244427273
10-Oct-17,0.3276
9-Oct-17,0.40065
7-Oct-17,0.493666667
6-Oct-17,0.334614286
5-Oct-17,0.351438462
4-Oct-17,0.268476923
3-Oct-17,0.143033333
2-Oct-17,0.127471429
1-Oct-17,0.1122
30-Sep-17,-0.133
29-Sep-17,0.197244444
28-Sep-17,0.260457143
27-Sep-17,0.095825
26-Sep-17,0.284522222
25-Sep-17,0.24005
24-Sep-17,0.5004
23-Sep-17,0.2492
22-Sep-17,0.342625
21-Sep-17,0.3456375
20-Sep-17,0.3521375
19-Sep-17,0.235375
18-Sep-17,0.008725
16-Sep-17,0.0856
15-Sep-17,0.19002
14-Sep-17,0.2287
13-Sep-17,0.2768
12-Sep-17,0.316583333
11-Sep-17,0.26354
10-Sep-17,0.7707
9-Sep-17,0.054733333
8-Sep-17,0.1505
7-Sep-17,0.277108333
6-Sep-17,0.409825
5-Sep-17,0.0122
4-Sep-17,0.6339
3-Sep-17,0.1032
1-Sep-17,0.32825
31-Aug-17,0.292825
30-Aug-17,0.14666
29-Aug-17,0.36085
28-Aug-17,-0.157575
27-Aug-17,-0.036
26-Aug-17,0.3426
24-Aug-17,0.5133
23-Aug-17,0.6053
22-Aug-17,0.220877778
21-Aug-17,0.274538462
20-Aug-17,0.451266667
19-Aug-17,0.0767
18-Aug-17,0.352342857
17-Aug-17,0.474708333
16-Aug-17,0.274766667
15-Aug-17,-0.010533333
14-Aug-17,0.100966667
13-Aug-17,-0.47115
12-Aug-17,0.21475
11-Aug-17,0.221007692
10-Aug-17,0.273646667
9-Aug-17,0.232981481
8-Aug-17,0.025425
7-Aug-17,0.06328
6-Aug-17,0.1311
5-Aug-17,0.3094
4-Aug-17,0.325525
3-Aug-17,0.43456
2-Aug-17,0.409128571
1-Aug-17,0.12726
31-Jul-17,0.445466667
28-Jul-17,0.62555
27-Jul-17,0.329625
26-Jul-17,0.26507
25-Jul-17,0.23473
24-Jul-17,0.439485714
23-Jul-17,0.1475
22-Jul-17,-0.0005875
21-Jul-17,0.1662
20-Jul-17,0.45625
19-Jul-17,0.280852174
18-Jul-17,0.239177778
17-Jul-17,0.227890476
16-Jul-17,-0.13535
15-Jul-17,0.124225
14-Jul-17,0.0640875
13-Jul-17,0.096276923
12-Jul-17,0.03316
11-Jul-17,0.177433333
10-Jul-17,0.05275
9-Jul-17,0.5004
7-Jul-17,0.322
6-Jul-17,0.06892
5-Jul-17,0.4594125
3-Jul-17,0.444275
2-Jul-17,-0.1687
1-Jul-17,0.0377
30-Jun-17,0.170928571
29-Jun-17,0.406685714
28-Jun-17,0.36515
27-Jun-17,0.19654
26-Jun-17,0.132875
25-Jun-17,0.6747
24-Jun-17,0.0769
23-Jun-17,0.3356
22-Jun-17,0.0318
21-Jun-17,0.11875
20-Jun-17,0.194333333
19-Jun-17,0.305475
18-Jun-17,0.3817
17-Jun-17,0.0621
16-Jun-17,0.315783333
15-Jun-17,0.236066667
14-Jun-17,-0.036671429
13-Jun-17,0.270755556
12-Jun-17,0.053611111
11-Jun-17,0.3882
9-Jun-17,0.2752
8-Jun-17,0.6204
7-Jun-17,0.1932
6-Jun-17,0.11445
5-Jun-17,0.293866667
3-Jun-17,0.0235
2-Jun-17,-0.020225
1-Jun-17,0.0155
31-May-17,0.00735
30-May-17,0.25698
28-May-17,0.1921
27-May-17,-0.1709
26-May-17,0.405515385
25-May-17,0.38759
24-May-17,0.54602
23-May-17,0.468725
20-May-17,-0.0149
19-May-17,0.325633333
18-May-17,0.322433333
17-May-17,0.29832
16-May-17,0.1514
15-May-17,0.227783333
14-May-17,0.3551
13-May-17,0.2077
12-May-17,0.6463
11-May-17,0.166466667
10-May-17,0.248666667
9-May-17,0.275442857
8-May-17,0.354633333
7-May-17,-0.0034
5-May-17,0.429675
4-May-17,0.1374
3-May-17,0.13615
2-May-17,0.17625
1-May-17,-0.03516
29-Apr-17,0.3409
28-Apr-17,0.308616667
27-Apr-17,0.323322222
26-Apr-17,0.2989
25-Apr-17,0.243744444
24-Apr-17,0.11882
23-Apr-17,0.0777
22-Apr-17,0.2047
21-Apr-17,0.23498
20-Apr-17,-0.070085714
19-Apr-17,0.259015385
18-Apr-17,0.30719
17-Apr-17,0.217282759
16-Apr-17,0.2847
15-Apr-17,0.2271
14-Apr-17,0.0046
13-Apr-17,0.213281818
12-Apr-17,0.2279
11-Apr-17,0.20665
10-Apr-17,0.23095
9-Apr-17,0.607266667
8-Apr-17,-0.1361
7-Apr-17,0.40356
6-Apr-17,0.076714286
5-Apr-17,0.3992
4-Apr-17,0.425
3-Apr-17,0.14365
2-Apr-17,0.4846
1-Apr-17,0.28525
31-Mar-17,0.2288
30-Mar-17,-0.34455
29-Mar-17,0.5494
28-Mar-17,0.631
27-Mar-17,0.245583333
25-Mar-17,0.06305
24-Mar-17,0.213866667
23-Mar-17,0.2549
22-Mar-17,0.4262
21-Mar-17,0.282825
20-Mar-17,0.387533333
19-Mar-17,0.00425
18-Mar-17,0.1611
17-Mar-17,0.37835
16-Mar-17,0.0413
15-Mar-17,0.258
14-Mar-17,0.1067
13-Mar-17,0.342733333
12-Mar-17,-0.0017
10-Mar-17,0.0833
9-Mar-17,0.1258
8-Mar-17,0.382233333
7-Mar-17,0.310775
6-Mar-17,0.255285714
3-Mar-17,0.204233333
2-Mar-17,0.26435
1-Mar-17,0.448466667
28-Feb-17,0.431
27-Feb-17,-0.5913
26-Feb-17,0.5224
25-Feb-17,0.3409
24-Feb-17,0.231625
23-Feb-17,0.09454
22-Feb-17,0.34357
21-Feb-17,0.24466
20-Feb-17,0.0945
18-Feb-17,0.68215
17-Feb-17,0.4186
16-Feb-17,0.150466667
15-Feb-17,0.224466667
14-Feb-17,0.2423
13-Feb-17,0.38588
10-Feb-17,0.380466667
9-Feb-17,0.253325
8-Feb-17,0.41945
7-Feb-17,0.524675
6-Feb-17,0.3076
5-Feb-17,0.35175
4-Feb-17,0.4086
3-Feb-17,0.1818
2-Feb-17,0.5112
1-Feb-17,0.188875
31-Jan-17,0.20237
30-Jan-17,0.3051
29-Jan-17,0.1005
28-Jan-17,-0.4711
27-Jan-17,-0.1244
26-Jan-17,0.032866667
25-Jan-17,0.342177778
24-Jan-17,0.218775
23-Jan-17,0.1031
22-Jan-17,0.46045
21-Jan-17,0.255366667
20-Jan-17,0.286833333
19-Jan-17,0.281513043
18-Jan-17,0.31366
17-Jan-17,0.216166667
16-Jan-17,0.2603
15-Jan-17,0.188
14-Jan-17,-0.0207
13-Jan-17,0.32452
12-Jan-17,0.115983333
11-Jan-17,0.243216667
10-Jan-17,0.456166667
9-Jan-17,0.32102
8-Jan-17,0.5089
7-Jan-17,0.34335
6-Jan-17,0.272733333
5-Jan-17,0.7859
4-Jan-17,0.3689
3-Jan-17,0.2591
2-Jan-17,0.5465
31-Dec-16,0.5092
30-Dec-16,0.1481
29-Dec-16,0.23035
28-Dec-16,0.2375
27-Dec-16,0.256325
26-Dec-16,0.21035
23-Dec-16,0.2313
22-Dec-16,0.3768
21-Dec-16,0.70255
20-Dec-16,0.34505
19-Dec-16,0.14624
17-Dec-16,0.1213
16-Dec-16,0.5783
15-Dec-16,0.283275
14-Dec-16,0.215525
13-Dec-16,0.291055556
12-Dec-16,0.328366667
9-Dec-16,0.401533333
8-Dec-16,0.3202
7-Dec-16,0.555283333
6-Dec-16,0.252766667
5-Dec-16,0.3275
2-Dec-16,0.1973
1-Dec-16,-0.23692
30-Nov-16,0.299371429
29-Nov-16,0.2043
28-Nov-16,0.2219
27-Nov-16,0.3443
25-Nov-16,0.6104
24-Nov-16,0.2144
23-Nov-16,0.497675
22-Nov-16,0.3245
21-Nov-16,0.29365
20-Nov-16,0.0794
19-Nov-16,-0.0028
18-Nov-16,0.556025
17-Nov-16,0.389933333
16-Nov-16,0.094375
15-Nov-16,0.205988889
14-Nov-16,-0.25275
13-Nov-16,0.53725
12-Nov-16,0.518
11-Nov-16,0.347733333
10-Nov-16,0.193157143
9-Nov-16,0.173275
7-Nov-16,0.1396
5-Nov-16,-0.0228
4-Nov-16,0.6815
3-Nov-16,0.275333333
2-Nov-16,0.3563
1-Nov-16,0.276533333
31-Oct-16,0.313625
30-Oct-16,0.0614
29-Oct-16,0.061
28-Oct-16,0.517233333
27-Oct-16,0.18835
26-Oct-16,0.23942
25-Oct-16,0.1908875
24-Oct-16,0.117066667
23-Oct-16,0.1306
21-Oct-16,0.16018
20-Oct-16,0.2237125
19-Oct-16,0.2511
18-Oct-16,0.2741
17-Oct-16,0.3909
16-Oct-16,0.28455
15-Oct-16,0.3659
14-Oct-16,0.0440125
13-Oct-16,0.5033
12-Oct-16,0.274575
11-Oct-16,0.362325
10-Oct-16,0.25818
8-Oct-16,0.3535
7-Oct-16,0.2316
6-Oct-16,0.232385714
5-Oct-16,0.215471429
4-Oct-16,0.382116667
3-Oct-16,-0.0111
1-Oct-16,0.31565
30-Sep-16,0.326
29-Sep-16,0.302
28-Sep-16,0.31495
27-Sep-16,0.299128571
26-Sep-16,0.47115
25-Sep-16,-0.2949
24-Sep-16,-0.3964
23-Sep-16,-0.030033333
22-Sep-16,0.19711
21-Sep-16,0.1485375
20-Sep-16,0.428066667
19-Sep-16,0.204525
18-Sep-16,0.1763
17-Sep-16,0.1021
16-Sep-16,0.4814
15-Sep-16,0.206525
14-Sep-16,0.3612
13-Sep-16,0.3834